id,chinese_name,name,codename,is_pal,tribe,bp_class,nonbonus_attack_range,price,must_bring_1,must_bring_2,partner_skills,lv1,lv2,lv3,lv4,lv5,skill_description,lv_diff,must_bring,partner_skill_type,tribe_clean,bp_class_clean,attack_range_type,rarity,rarity_label,element_1_clean,element_2_clean,element_combo,has_dual_element,codename_base,skill_description_length,skill_function_category,lv_diff_category,price_category,pal_id
1,Mian Youyou,Lamball,SheepBall,True,EPalTribeID::SheepBall,SheepBall,100,1000,none,none,Ranch skills,0,0,0,0,0,"When activated, it will transform into a shield equipped on the player. Assign it to Palu Ranch and it will have a chance to drop Wool.",0,none,Production,SheepBall,SheepBall,close,1,🟢 Commun,generally,,generally,False,SheepBall,135,Ranch,Aucun gain,💰 Faible,1_Lamball
2,Naughty cat,Cattiva,PinkCat,True,EPalTribeID::PinkCat,PinkCat,100,1000,timid,none,Increased weight bearing,50,60,70,80,90,"If PinkCat is in the team, it will help carry luggage and increase the player's maximum weight limit.",40,timid,Support logistique,PinkCat,PinkCat,close,1,🟢 Commun,generally,,generally,False,PinkCat,101,Logistique,Gain faible,💰 Faible,2_Cattiva
3,Pipi Chicken,Chikipi,ChickenPal,True,EPalTribeID::ChickenPal,ChickenPal,100,1000,none,none,Ranch skills,0,0,0,0,0,Assign it to Palu Ranch and it will have a chance to give birth to Eggs.,0,none,Production,ChickenPal,ChickenPal,close,1,🟢 Commun,generally,,generally,False,ChickenPal,72,Ranch,Aucun gain,💰 Faible,3_Chikipi
4,green leaf rat,Lifmunk,Carbunclo,True,EPalTribeID::Carbunclo,Carbunclo,100,1010,none,none,Skill power,10,11,13,16,20,"After being activated, it will sit on the player's head and use a submachine gun to chase after the player's attacks.",10,none,Offensif,Carbunclo,Carbunclo,close,1,🟢 Commun,Wood,,Wood,False,Carbunclo,117,Offensif,Gain faible,💰 Faible,4_Lifmunk
5,tinder fox,Foxparks,Kitsunebi,True,EPalTribeID::Kitsunebi,Kitsunebi,100,1040,none,none,Skill power,10,11,13,16,20,"When activated, it will transform into a flamethrower equipped on the player.",10,none,Offensif,Kitsunebi,Kitsunebi,close,1,🟢 Commun,fire,,fire,False,Kitsunebi,77,Autre,Gain faible,💰 Faible,5_Foxparks
6,surf duck,Fuack,BluePlatypus,True,EPalTribeID::Blueplatypus,BluePlatypus,100,1120,none,none,Skill power multiplier,1,1,1,1,2,"When activated, BluePlatypus will ride the wave towards the enemy.",1,none,Offensif,Blueplatypus,BluePlatypus,close,1,🟢 Commun,water,,water,False,BluePlatypus,66,Monture,Gain faible,💰 Faible,6_Fuack
7,Volt Meow,Sparkit,ElecCat,True,EPalTribeID::ElecCat,ElecCat,100,1030,none,none,Attack power bonus%,10,11,13,16,20,"If it is in the team, the elemental Electricity Palu's attack power will be increased.",10,none,Offensif,ElecCat,ElecCat,close,1,🟢 Commun,electricity,,electricity,False,ElecCat,86,Offensif,Gain faible,💰 Faible,7_Sparkit
8,Neolepithecus,Tanzee,Monkey,True,EPalTribeID::Monkey,Monkey,100,1280,none,none,Skill power,20,22,26,32,40,"After activation, Monkey will violently shoot nearby enemies with an assault rifle within a certain period of time.",20,none,Offensif,Monkey,Monkey,close,1,🟢 Commun,Wood,,Wood,False,Monkey,115,Autre,Gain faible,💰 Faible,8_Tanzee
9,Fire Deer,Rooby,FlameBambi,True,EPalTribeID::FlameBambi,FlameBambi,100,2950,none,none,Attack power bonus%,10,11,13,16,20,"If it is in the team, the elemental Fire Palu's attack power will be increased.",10,none,Offensif,FlameBambi,FlameBambi,close,2,🟢 Commun,fire,,fire,False,FlameBambi,79,Offensif,Gain faible,💸 Moyen,9_Rooby
10,Keimaru,Pengullet,Penguin,True,EPalTribeID::Penguin,Penguin,100,1080,none,none,Skill power,250,285,325,400,500,"After activation, players will equip Launcher_Default and can shoot Penguin as a cannonball. After hitting the target, Penguin will explode and fall into a dying state.",250,none,Offensif,Penguin,Penguin,close,1,🟢 Commun,water,ice,water_ice,True,Penguin,168,Offensif,Gain moyen,💰 Faible,10_Pengullet
11,King Keimaru,Penking,CaptainPenguin,True,EPalTribeID::CaptainPenguin,CaptainPenguin,100,5410,none,none,Drop increased by %_Fire,40,50,60,70,80,"When fighting alongside it, if you knock down the elemental Fire's pallu, you can get more dropped items from that pallu.",40,none,Autre,CaptainPenguin,CaptainPenguin,close,6,🟣 Rare,water,ice,water_ice,True,CaptainPenguin,121,Autre,Gain faible,💎 Élevé,11_Penking
12,electric rat,Jolthog,Hedgehog,True,EPalTribeID::Hedgehog,Hedgehog,100,1060,none,none,Skill power,100,110,130,160,200,"After activation, you can equip Hedgehog in your hand. If you throw it at the enemy and hit the target, it will trigger a thunder explosion.",100,none,Offensif,Hedgehog,Hedgehog,close,1,🟢 Commun,electricity,,electricity,False,Hedgehog,140,Offensif,Gain faible,💰 Faible,12_Jolthog
12,ice agouti,Jolthog Cryst,Hedgehog_Ice,True,EPalTribeID::Hedgehog_Ice,Hedgehog_Ice,100,1070,none,none,Skill power,100,110,130,160,200,"After activation, you can equip Hedgehog_Ice in your hand. If you throw it at the enemy and hit the target, it will trigger an ice explosion.",100,none,Offensif,Hedgehog_Ice,Hedgehog_Ice,close,2,🟢 Commun,ice,,ice,False,Hedgehog,141,Offensif,Gain faible,💰 Faible,12_Jolthog Cryst
13,Ye NiNi,Gumoss,PlantSlime,True,EPalTribeID::PlantSlime,PlantSlime,100,1310,none,none,Logging bonus%,10,11,13,16,20,"If it is in the party, players will be able to deal more damage when harvesting.",10,none,Bonus,PlantSlime,PlantSlime,close,1,🟢 Commun,Wood,land,Wood_land,True,PlantSlime,80,Offensif,Gain faible,💰 Faible,13_Gumoss
13,Ye Ni Ni (Special),Gumoss (Special),PlantSlime_Flower,True,EPalTribeID::PlantSlime,PlantSlime_Flower,100,1310,none,none,Logging bonus%,10,11,13,16,20,"If it is in the party, players will be able to deal more damage when harvesting.",10,none,Bonus,PlantSlime,PlantSlime_Flower,close,10,🟠 Épique,Wood,land,Wood_land,True,PlantSlime_Flower,80,Offensif,Gain faible,💰 Faible,13_Gumoss (Special)
14,Tamamo fox,Vixy,CuteFox,True,EPalTribeID::CuteFox,CuteFox,100,1000,none,none,Ranch skills,0,0,0,0,0,Assign it to the Palu Ranch and it will have a chance to dig items out of the ground.,0,none,Production,CuteFox,CuteFox,close,2,🟢 Commun,generally,,generally,False,CuteFox,85,Ranch,Aucun gain,💰 Faible,14_Vixy
15,Tikar,Hoocrates,WizardOwl,True,EPalTribeID::WizardOwl,WizardOwl,100,1050,none,none,Attack power bonus%,10,11,13,16,20,"If it is in the team, the elemental Dark Palu's attack power will be increased.",10,none,Offensif,WizardOwl,WizardOwl,close,1,🟢 Commun,dark,,dark,False,WizardOwl,79,Offensif,Gain faible,💰 Faible,15_Hoocrates
16,pot elephant,Teafant,Ganesha,True,EPalTribeID::Ganesha,Ganesha,100,1000,none,none,treatment value,200,220,260,320,400,"When activated, it will spray out mysterious water that is extremely effective on wounds to restore the player's health.",200,none,Soutien,Ganesha,Ganesha,close,1,🟢 Commun,water,,water,False,Ganesha,120,Soutien,Gain moyen,💰 Faible,16_Teafant
17,Look at the devil,Depresso,NegativeKoala,True,EPalTribeID::NegativeKoala,NegativeKoala,100,1050,none,none,Movement speed multiplier,2,3,5,10,10,"After activation, NegativeKoala will drink a large amount of energy drinks, greatly increasing his movement speed for a certain period of time.",8,none,Offensif,NegativeKoala,NegativeKoala,close,1,🟢 Commun,dark,,dark,False,NegativeKoala,143,Monture,Gain faible,💰 Faible,17_Depresso
18,Miruffy,Cremis,WoolFox,True,EPalTribeID::WoolFox,WoolFox,100,1420,none,none,Attack power bonus%,10,11,13,16,20,"If it is in the team, the attack power of the elemental Normal Palu will be increased. Assign it to Palu Ranch and it will have a chance to drop Wool.",10,none,Offensif,WoolFox,WoolFox,close,1,🟢 Commun,generally,,generally,False,WoolFox,150,Offensif,Gain faible,💰 Faible,18_Cremis
19,sleep demon,Daedream,DreamDemon,True,EPalTribeID::DreamDemon,DreamDemon,100,1330,none,none,Skill power multiplier,1,1,1,1,2,"If it is in the party, it will appear next to the player. It will coordinate with the player's offensive to pursue with magic bullets.",1,none,Offensif,DreamDemon,DreamDemon,close,1,🟢 Commun,dark,,dark,False,DreamDemon,134,Autre,Gain faible,💰 Faible,19_Daedream
20,sage pig,Rushoar,Boar,True,EPalTribeID::Boar,Boar,100,1680,none,none,Mining bonus+,500,750,1100,1500,2000,Can be moved around on its back. Destroying rocks while riding will be more efficient.,1500,none,Ressources,Boar,Boar,close,1,🟢 Commun,land,,land,False,Boar,86,Monture,Gain élevé,💰 Faible,20_Rushoar
21,Lunati,Nox,NightFox,True,EPalTribeID::NightFox,NightFox,100,1480,none,none,Attack power bonus%,5,6,7,8,10,"When fighting alongside it, it will grant elemental Dark to the player's attacks.",5,none,Offensif,NightFox,NightFox,close,6,🟣 Rare,dark,,dark,False,NightFox,81,Offensif,Gain faible,💰 Faible,21_Nox
22,Escape Rat,Fuddler,CuteMole,True,EPalTribeID::CuteMole,CuteMole,100,1360,none,none,distance,10000,11000,13000,16000,20000,"When activated, it will emit tiny vibrations to detect the location of nearby ores.",10000,none,Autre,CuteMole,CuteMole,close,1,🟢 Commun,land,,land,False,CuteMole,83,Détection,Gain exceptionnel,💰 Faible,22_Fuddler
23,squid,Killamari,NegativeOctopus,True,EPalTribeID::NegativeOctopus,NegativeOctopus,100,1200,none,none,Paraglider maximum speed (gravity factor),0,0,0,0,0,"If it is in the party, it can be summoned in place of the paraglider. It can float in the air for long periods of time while gliding.",0,none,Mobilité,NegativeOctopus,NegativeOctopus,close,1,🟢 Commun,dark,,dark,False,NegativeOctopus,133,Autre,Aucun gain,💰 Faible,23_Killamari
24,Meowster,Mau,Bastet,True,EPalTribeID::Bastet,Bastet,100,1000,none,none,Ranch skills,0,0,0,0,0,Assign it to Palu Ranch and it will have a chance to dig Money out of the ground.,0,none,Production,Bastet,Bastet,close,1,🟢 Commun,dark,,dark,False,Bastet,81,Ranch,Aucun gain,💰 Faible,24_Mau
24,ice cream,Mau Cryst,Bastet_Ice,True,EPalTribeID::Bastet_Ice,Bastet_Ice,100,1010,none,none,Ranch skills,0,0,0,0,0,Assign it to Palu Ranch and it will have a chance to dig Money out of the ground.,0,none,Production,Bastet_Ice,Bastet_Ice,close,2,🟢 Commun,ice,,ice,False,Bastet,81,Ranch,Aucun gain,💰 Faible,24_Mau Cryst
25,Rumiel,Celaray,FlyingManta,True,EPalTribeID::FlyingManta,FlyingManta,100,2860,none,none,Paraglider maximum speed (gravity factor),0,0,0,0,0,"If it is in the party, it can be summoned in place of the paraglider. Can move quickly for long periods of time while gliding.",0,none,Mobilité,FlyingManta,FlyingManta,close,3,🔵 Peu commun,water,,water,False,FlyingManta,126,Monture,Aucun gain,💸 Moyen,25_Celaray
26,hunting wolves,Direhowl,Garm,True,EPalTribeID::Garm,Garm,100,1920,none,none,Moving speed%,0,10,12,15,20,Can be moved around on its back. Movement speed while riding will be slightly faster.,20,none,Mobilité,Garm,Garm,close,2,🟢 Commun,generally,,generally,False,Garm,85,Monture,Gain faible,💰 Faible,26_Direhowl
27,Fried egg bird,Tocotoco,ColorfulBird,True,EPalTribeID::ColorfulBird,ColorfulBird,100,1090,none,none,Skill power,100,110,130,160,200,"When activated, it will transform into a launcher equipped on the player and create exploding eggs.",100,none,Offensif,ColorfulBird,ColorfulBird,close,1,🟢 Commun,generally,,generally,False,ColorfulBird,99,Autre,Gain faible,💰 Faible,27_Tocotoco
28,Bona Rabbit,Flopie,FlowerRabbit,True,EPalTribeID::FlowerRabbit,FlowerRabbit,100,1220,none,none,0,0,0,0,0,0,"If it is in the party, it will appear next to the player. It will automatically pick up nearby props.",0,none,Autre,FlowerRabbit,FlowerRabbit,close,1,🟢 Commun,Wood,,Wood,False,FlowerRabbit,101,Autre,Aucun gain,💰 Faible,28_Flopie
29,Boba Cow,Mozzarina,CowPal,True,EPalTribeID::CowPal,CowPal,100,2620,none,none,Ranch skills,0,0,0,0,0,Assign it to Palu Ranch and it will have a chance to produce Milk.,0,none,Production,CowPal,CowPal,close,2,🟢 Commun,generally,,generally,False,CowPal,66,Ranch,Aucun gain,💸 Moyen,29_Mozzarina
30,Thorn Fairy,Bristla,LittleBriarRose,True,EPalTribeID::LittleBriarRose,LittleBriarRose,100,1140,none,none,Attack power bonus%,10,11,13,16,20,"If it is in the team, the elemental Leaf Palu's attack power will be increased.",10,none,Offensif,LittleBriarRose,LittleBriarRose,close,1,🟢 Commun,Wood,,Wood,False,LittleBriarRose,79,Offensif,Gain faible,💰 Faible,30_Bristla
31,Sharkboy,Gobfin,SharkKid,True,EPalTribeID::SharkKid,SharkKid,100,1840,none,none,Skill power multiplier,1,1,1,2,2,"After being activated, it will attack the targeted enemy with extremely powerful WaterGun. If it is in the team, it will increase the player's attack power.",1,none,Offensif,SharkKid,SharkKid,close,2,🟢 Commun,water,,water,False,SharkKid,156,Offensif,Gain faible,💰 Faible,31_Gobfin
31,red shark,Gobfin Ignis,SharkKid_Fire,True,EPalTribeID::SharkKid_Fire,SharkKid_Fire,100,1800,none,none,Skill power multiplier,1,1,1,2,2,"After being activated, it will attack the targeted enemy with extremely powerful FireSeed. If it is in the team, it will increase the player's attack power.",1,none,Offensif,SharkKid_Fire,SharkKid_Fire,close,3,🔵 Peu commun,fire,,fire,False,SharkKid,156,Offensif,Gain faible,💰 Faible,31_Gobfin Ignis
32,Hanging spirit,Hangyu,WindChimes,True,EPalTribeID::WindChimes,WindChimes,100,1020,none,none,Paraglider maximum speed (gravity factor),0,0,0,0,0,"If it is in the party, it can be summoned in place of the paraglider. It lifts the player high into the air while gliding.",0,none,Mobilité,WindChimes,WindChimes,close,1,🟢 Commun,land,,land,False,WindChimes,122,Autre,Aucun gain,💰 Faible,32_Hangyu
32,Icebound Spirit,Hangyu Crystal,WindChimes_Ice,True,EPalTribeID::WindChimes_Ice,WindChimes_Ice,100,1020,none,none,Paraglider maximum speed (gravity factor),0,0,0,0,0,"If it is in the party, it can be summoned in place of the paraglider. It lifts the player high into the air while gliding.",0,none,Mobilité,WindChimes_Ice,WindChimes_Ice,close,2,🟢 Commun,ice,,ice,False,WindChimes,122,Autre,Aucun gain,💰 Faible,32_Hangyu Crystal
33,Ye Panda,Mossanda,GrassPanda,True,EPalTribeID::GrassPanda,GrassPanda,100,6200,none,none,Skill power,30,33,39,48,60,Can be moved around on its back. It can also continuously attack with a grenade launcher while riding.,30,none,Offensif,GrassPanda,GrassPanda,close,6,🟣 Rare,Wood,,Wood,False,GrassPanda,102,Offensif,Gain faible,💎 Élevé,33_Mossanda
33,Lei Panda,Mossanda Lux,GrassPanda_Electric,True,EPalTribeID::GrassPanda_Electric,GrassPanda_Electric,100,6610,none,none,Skill power,30,33,39,48,60,Can be moved around on its back. It can also continuously attack with a grenade launcher while riding.,30,none,Offensif,GrassPanda_Electric,GrassPanda_Electric,close,7,🟣 Rare,electricity,,electricity,False,GrassPanda,102,Offensif,Gain faible,💎 Élevé,33_Mossanda Lux
34,Marshmallow,Woolipop,SweetsSheep,True,EPalTribeID::SweetsSheep,SweetsSheep,100,1450,none,none,Ranch skills,0,0,0,0,0,Assign it to Palu Ranch and it may drop Sweet.,0,none,Production,SweetsSheep,SweetsSheep,close,3,🔵 Peu commun,generally,,generally,False,SweetsSheep,46,Ranch,Aucun gain,💰 Faible,34_Woolipop
35,bush sheep,Caprity,BerryGoat,True,EPalTribeID::BerryGoat,BerryGoat,100,2510,none,none,Ranch skills,0,0,0,0,0,Assign it to Palu Ranch and it will have a chance to drop Berries from its back.,0,none,Production,BerryGoat,BerryGoat,close,3,🔵 Peu commun,Wood,,Wood,False,BerryGoat,80,Ranch,Aucun gain,💸 Moyen,35_Caprity
36,Melupa,Melpaca,Alpaca,True,EPalTribeID::Alpaca,Alpaca,100,2740,none,none,Ranch skills,0,0,0,0,0,Can be moved around on its back. Assign it to Palu Ranch and it will have a chance to drop Wool.,0,none,Production,Alpaca,Alpaca,close,3,🔵 Peu commun,generally,,generally,False,Alpaca,96,Monture,Aucun gain,💸 Moyen,36_Melpaca
37,Zixia Deer,Eikthyrdeer,Deer,True,EPalTribeID::Deer,Deer,100,2620,none,none,Logging bonus+,220,260,320,400,500,"Can be moved around on its back. You can perform two jumps while riding, and the efficiency of destroying trees will be higher.",280,none,Bonus,Deer,Deer,close,4,🔵 Peu commun,generally,,generally,False,Deer,127,Monture,Gain moyen,💸 Moyen,37_Eikthyrdeer
37,Only a deer,Eikthyrdeer Terra,Deer_Ground,True,EPalTribeID::Deer_Ground,Deer_Ground,100,2680,none,none,Logging bonus+,220,260,320,400,500,"Can be moved around on its back. You can perform two jumps while riding, and the efficiency of destroying trees will be higher.",280,none,Bonus,Deer_Ground,Deer_Ground,close,6,🟣 Rare,land,,land,False,Deer,127,Monture,Gain moyen,💸 Moyen,37_Eikthyrdeer Terra
38,Swift Falcon,Nitewing,HawkBird,True,EPalTribeID::HawkBird,HawkBird,100,6300,none,none,Moving speed%,0,10,12,15,20,You can ride on its back and fly in the air.,20,none,Mobilité,HawkBird,HawkBird,close,3,🔵 Peu commun,generally,,generally,False,HawkBird,44,Monture,Gain faible,💎 Élevé,38_Nitewing
39,Ji Xiaotu,Ribunny,PinkRabbit,True,EPalTribeID::PinkRabbit,PinkRabbit,100,1160,none,none,Attack power bonus%,10,11,13,16,20,"If it is in the team, the attack power of the elemental Normal Palu will be increased. If it is in the stronghold, the efficiency of working in WeaponFactory_Dirty_01 will be improved.",10,none,Offensif,PinkRabbit,PinkRabbit,close,1,🟢 Commun,generally,,generally,False,PinkRabbit,184,Offensif,Gain faible,💰 Faible,39_Ribunny
40,Balrog Sheep,Incineram,Baphomet,True,EPalTribeID::Baphomet,Baphomet,100,4780,none,none,Skill power multiplier,1,1,1,2,2,"After activation, it will attack the targeted enemy with the extremely powerful Unique_Baphomet_SwallowKite.",1,none,Offensif,Baphomet,Baphomet,close,4,🔵 Peu commun,fire,dark,fire_dark,True,Baphomet,108,Offensif,Gain faible,💸 Moyen,40_Incineram
40,Dark Demon Sheep,Incineram Noct,Baphomet_Dark,True,EPalTribeID::Baphomet_Dark,Baphomet_Dark,100,4870,none,none,Skill power multiplier,1,1,1,2,2,"After activation, it will attack the targeted enemy with the extremely powerful Unique_Baphomet_Dark_SwallowKite.",1,none,Offensif,Baphomet_Dark,Baphomet_Dark,close,5,🔵 Peu commun,dark,,dark,False,Baphomet,113,Offensif,Gain faible,💸 Moyen,40_Incineram Noct
41,Huan Yue Butterfly,Cinnamoth,CuteButterfly,True,EPalTribeID::CuteButterfly,CuteButterfly,100,5700,none,none,Skill power multiplier,1,1,1,2,2,"After activation, it will attack the targeted enemy with PoisonFog.",1,none,Offensif,CuteButterfly,CuteButterfly,close,4,🔵 Peu commun,Wood,,Wood,False,CuteButterfly,67,Offensif,Gain faible,💎 Élevé,41_Cinnamoth
42,Blazing Ox,Arsox,FlameBuffalo,True,EPalTribeID::FlameBuffalo,FlameBuffalo,100,3520,none,none,Moving speed%,0,10,12,15,20,Can be moved around on its back. You won’t feel the chill while riding and it’s quite warm.,20,none,Mobilité,FlameBuffalo,FlameBuffalo,close,4,🔵 Peu commun,fire,,fire,False,FlameBuffalo,91,Monture,Gain faible,💸 Moyen,42_Arsox
43,Pa Pa Pa Catfish,Dumud,LazyCatfish,True,EPalTribeID::LazyCatfish,LazyCatfish,100,4690,none,none,Attack power bonus%,10,11,13,16,20,"If it is in the team, the elemental Earth Palu's attack power will be increased.",10,none,Offensif,LazyCatfish,LazyCatfish,close,4,🔵 Peu commun,land,,land,False,LazyCatfish,80,Offensif,Gain faible,💸 Moyen,43_Dumud
44,Black Crow Hermit,Cawgnito,DarkCrow,True,EPalTribeID::DarkCrow,DarkCrow,100,1840,none,none,Skill power multiplier,1,1,1,2,2,"After being activated, it will attack the targeted enemy with the extremely powerful Unique_DarkCrow_TelePoke.",1,none,Offensif,DarkCrow,DarkCrow,close,3,🔵 Peu commun,dark,,dark,False,DarkCrow,110,Offensif,Gain faible,💰 Faible,44_Cawgnito
45,punk lizard,Leezpunk,LizardMan,True,EPalTribeID::LizardMan,LizardMan,100,1720,none,none,distance,10000,11000,13000,16000,20000,"After activation, the sixth sense can be activated to detect the location of nearby dungeons.",10000,none,Autre,LizardMan,LizardMan,close,2,🟢 Commun,dark,,dark,False,LizardMan,93,Détection,Gain exceptionnel,💰 Faible,45_Leezpunk
45,Hot-blooded lizard,Leezpunk Ignis,LizardMan_Fire,True,EPalTribeID::LizardMan_Fire,LizardMan_Fire,100,1640,none,none,distance,10000,11000,13000,16000,20000,"After activation, the sixth sense can be activated to detect the location of nearby dungeons.",10000,none,Autre,LizardMan_Fire,LizardMan_Fire,close,3,🔵 Peu commun,fire,,fire,False,LizardMan,93,Détection,Gain exceptionnel,💰 Faible,45_Leezpunk Ignis
46,Moonscythe Demon,Loupmoon,Werewolf,True,EPalTribeID::Werewolf,Werewolf,100,2400,none,none,Skill power multiplier,1,1,1,2,2,"After activation, it will attack the targeted enemy with extremely powerful Unique_Werewolf_Scratch.",1,none,Offensif,Werewolf,Werewolf,close,3,🔵 Peu commun,dark,,dark,False,Werewolf,100,Offensif,Gain faible,💸 Moyen,46_Loupmoon
47,Tianqinniao,Galeclaw,Eagle,True,EPalTribeID::Eagle,Eagle,100,2010,none,none,Paraglider maximum speed (gravity factor),0,0,0,0,0,"If it is in the party, it can be summoned in place of the paraglider. While gliding, your right hand will be free, so you can hold a gun and shoot.",0,none,Mobilité,Eagle,Eagle,close,2,🟢 Commun,generally,,generally,False,Eagle,147,Autre,Aucun gain,💸 Moyen,47_Galeclaw
48,Feather Archer,Robinquill,RobinHood,True,EPalTribeID::RobinHood,RobinHood,100,2050,none,none,Weakness bonus %,20,22,26,32,40,"When fighting alongside it, players will be able to deal more damage to enemy weak points.",20,none,Stratégique,RobinHood,RobinHood,close,5,🔵 Peu commun,Wood,,Wood,False,RobinHood,90,Offensif,Gain faible,💸 Moyen,48_Robinquill
48,mountain shooter,Robinquill Terra,RobinHood_Ground,True,EPalTribeID::RobinHood_Ground,RobinHood_Ground,100,2150,none,none,Weakness bonus %,20,22,26,32,40,"When fighting alongside it, players will be able to deal more damage to enemy weak points.",20,none,Stratégique,RobinHood_Ground,RobinHood_Ground,close,6,🟣 Rare,Wood,land,Wood_land,True,RobinHood,90,Offensif,Gain faible,💸 Moyen,48_Robinquill Terra
49,Iron Fist Ape,Gorirat,Gorilla,True,EPalTribeID::Gorilla,Gorilla,100,2010,rough,none,Attack power bonus%,50,75,110,150,200,"After activation, the power of wildness will be released and Gorilla's attack power will be increased for a certain period of time.",150,rough,Offensif,Gorilla,Gorilla,close,5,🔵 Peu commun,generally,,generally,False,Gorilla,131,Offensif,Gain moyen,💸 Moyen,49_Gorirat
50,knight bee,Beegarde,SoldierBee,True,EPalTribeID::SoldierBee,SoldierBee,100,1880,none,none,Queen Bee Attack and Defense Bonus%,12,13,15,19,24,"Assign it to Palu Ranch and it will have a chance to drop Honey. If it is in the team, QueenBee's attributes will be improved.",12,none,Bonus,SoldierBee,SoldierBee,close,4,🔵 Peu commun,Wood,,Wood,False,SoldierBee,126,Ranch,Gain faible,💰 Faible,50_Beegarde
51,queen bee,Elizabee,QueenBee,True,EPalTribeID::QueenBee,QueenBee,100,6830,none,none,Attack power bonus%,0,5,6,7,8,"When fighting alongside it, the more SoldierBees there are in the team, the more its attributes will improve.",8,none,Offensif,QueenBee,QueenBee,close,8,🟠 Épique,Wood,,Wood,False,QueenBee,109,Autre,Gain faible,💎 Élevé,51_Elizabee
52,Laughing Nightmare Cat,Grintale,NaughtyCat,True,EPalTribeID::NaughtyCat,NaughtyCat,100,5510,none,none,Elemental power bonus%_Normal,50,55,65,80,100,Can be moved around on its back. Elemental Normal attacks during riding will be strengthened.,50,none,Bonus,NaughtyCat,NaughtyCat,close,6,🟣 Rare,generally,,generally,False,NaughtyCat,93,Offensif,Gain faible,💎 Élevé,52_Grintale
53,Mao duster,Swee,MopBaby,True,EPalTribeID::MopBaby,MopBaby,100,1180,none,none,Daddy Mao's attack and defense bonus%,12,13,15,19,24,"If it is in the team, MopKing's attributes will be improved.",12,none,Bonus,MopBaby,MopBaby,close,1,🟢 Commun,ice,,ice,False,MopBaby,60,Autre,Gain faible,💰 Faible,53_Swee
54,Dad Mao,Sweepa,MopKing,True,EPalTribeID::MopKing,MopKing,100,6400,none,none,Attack power bonus%,0,5,6,7,8,"Can be moved around on its back. When fighting alongside it, the more MopBabys in the team, the more its attributes will improve.",8,none,Offensif,MopKing,MopKing,close,6,🟣 Rare,ice,,ice,False,MopKing,129,Monture,Gain faible,💎 Élevé,54_Sweepa
55,Whirling Weasel,Chillet,WeaselDragon,True,EPalTribeID::WeaselDragon,WeaselDragon,100,3450,none,none,Attack power bonus%,50,55,65,80,100,Can be moved around on its back. While mounted it will grant the player's attacks the elemental Dragon.,50,none,Offensif,WeaselDragon,WeaselDragon,close,4,🔵 Peu commun,ice,dragon,ice_dragon,True,WeaselDragon,103,Offensif,Gain faible,💸 Moyen,55_Chillet
56,thunder wildebeest,Univolt,Kirin,True,EPalTribeID::Kirin,Kirin,100,4280,none,none,Attack power bonus%,50,55,65,80,100,Can be moved around on its back. While mounted it will grant elemental Electricity to the player's attacks.,50,none,Offensif,Kirin,Kirin,close,5,🔵 Peu commun,electricity,,electricity,False,Kirin,107,Offensif,Gain faible,💸 Moyen,56_Univolt
57,blowing snow fox,Foxcicle,IceFox,True,EPalTribeID::IceFox,IceFox,100,3730,none,none,Attack power bonus%,10,11,13,16,20,"If it is in the team, the attack power of the elemental Ice Palu will be increased.",10,none,Offensif,IceFox,IceFox,close,5,🔵 Peu commun,ice,,ice,False,IceFox,83,Offensif,Gain faible,💸 Moyen,57_Foxcicle
58,fire unicorn,Pyrin,FireKirin,True,EPalTribeID::FireKirin,FireKirin,100,6720,none,none,Attack power bonus%,50,55,65,80,100,Can be moved around on its back. While mounted it will grant elemental Fire to the player's attacks.,50,none,Offensif,FireKirin,FireKirin,close,6,🟣 Rare,fire,,fire,False,FireKirin,100,Offensif,Gain faible,💎 Élevé,58_Pyrin
58,evil unicorn,Pyrin Noct,FireKirin_Dark,True,EPalTribeID::FireKirin_Dark,FireKirin_Dark,100,7270,none,none,Attack power bonus%,50,55,65,80,100,"Can be moved around on its back. While mounted, it will grant elemental Dark to the player's attacks.",50,none,Offensif,FireKirin_Dark,FireKirin_Dark,close,7,🟣 Rare,fire,dark,fire_dark,True,FireKirin,101,Offensif,Gain faible,💎 Élevé,58_Pyrin Noct
59,Deer in severe winter,Reindrix,IceDeer,True,EPalTribeID::IceDeer,IceDeer,100,2800,none,none,Moving speed%,0,10,12,15,20,Can be moved around on its back. You won't feel the heat during the ride and it's quite cool.,20,none,Mobilité,IceDeer,IceDeer,close,4,🔵 Peu commun,ice,,ice,False,IceDeer,93,Monture,Gain faible,💸 Moyen,59_Reindrix
60,thunder dog,Rayhound,ThunderDog,True,EPalTribeID::ThunderDog,ThunderDog,100,3880,none,none,Moving speed%,0,10,12,15,20,Can be moved around on its back. Two jumps are possible during the ride.,20,none,Mobilité,ThunderDog,ThunderDog,close,5,🔵 Peu commun,electricity,,electricity,False,ThunderDog,72,Monture,Gain faible,💸 Moyen,60_Rayhound
61,Blue Flame Wolf,Kitsun,AmaterasuWolf,True,EPalTribeID::AmaterasuWolf,AmaterasuWolf,100,3170,none,none,Moving speed%,0,10,12,15,20,Can be moved around on its back. You won't be affected by cold or heat while riding.,20,none,Mobilité,AmaterasuWolf,AmaterasuWolf,close,6,🟣 Rare,fire,,fire,False,AmaterasuWolf,84,Monture,Gain faible,💸 Moyen,61_Kitsun
62,Thunder Boy,Dazzi,RaijinDaughter,True,EPalTribeID::RaijinDaughter,RaijinDaughter,100,1390,none,none,Skill power multiplier,1,1,1,1,2,"If it is in the party, it will appear next to the player. It will cooperate with the player's offensive to pursue with thunder.",1,none,Offensif,RaijinDaughter,RaijinDaughter,close,2,🟢 Commun,electricity,,electricity,False,RaijinDaughter,127,Autre,Gain faible,💰 Faible,62_Dazzi
63,Mystia,Lunaris,Mutant,True,EPalTribeID::Mutant,Mutant,100,1760,none,none,Increased weight bearing,80,90,100,110,120,"If Mutant is in the team, it can increase the player's upper limit of weight through its anti-gravity.",40,none,Support logistique,Mutant,Mutant,close,6,🟣 Rare,generally,,generally,False,Mutant,102,Logistique,Gain faible,💰 Faible,63_Lunaris
64,Corolla dragon,Dinossom,FlowerDinosaur,True,EPalTribeID::FlowerDinosaur,FlowerDinosaur,100,3240,none,none,Elemental power bonus%_Leaf,50,55,65,80,100,Can be moved around on its back. Elemental Leaf attacks during riding will be strengthened.,50,none,Bonus,FlowerDinosaur,FlowerDinosaur,close,6,🟣 Rare,Wood,dragon,Wood_dragon,True,FlowerDinosaur,91,Offensif,Gain faible,💸 Moyen,64_Dinossom
64,Thunder Guanlong,Dinossom Lux,FlowerDinosaur_Electric,True,EPalTribeID::FlowerDinosaur_Electric,FlowerDinosaur_Electric,100,3380,none,none,Elemental power bonus%_Electricity,50,55,65,80,100,Can be moved around on its back. Elemental Electricity attacks during riding will be strengthened.,50,none,Bonus,FlowerDinosaur_Electric,FlowerDinosaur_Electric,close,7,🟣 Rare,electricity,dragon,electricity_dragon,True,FlowerDinosaur,98,Offensif,Gain faible,💸 Moyen,64_Dinossom Lux
65,water-sliding snake,Surfent,Serpent,True,EPalTribeID::Serpent,Serpent,100,5050,none,none,Moving speed%,0,10,12,15,20,Can ride on its back and move through the water. Moving on water while riding does not consume stamina.,20,none,Mobilité,Serpent,Serpent,close,4,🔵 Peu commun,water,,water,False,Serpent,103,Monture,Gain faible,💎 Élevé,65_Surfent
65,quicksand snake,Surfent Terra,Serpent_Ground,True,EPalTribeID::Serpent_Ground,Serpent_Ground,100,5140,none,none,Moving speed%,0,10,12,15,20,Can be moved around on its back.,20,none,Mobilité,Serpent_Ground,Serpent_Ground,close,5,🔵 Peu commun,land,,land,False,Serpent,32,Monture,Gain faible,💎 Élevé,65_Surfent Terra
66,Soul Eater,Maraith,GhostBeast,True,EPalTribeID::GhostBeast,GhostBeast,100,1570,none,none,Attack power bonus%,50,55,65,80,100,"Can be moved around on its back. While mounted, it will grant elemental Dark to the player's attacks.",50,none,Offensif,GhostBeast,GhostBeast,close,6,🟣 Rare,dark,,dark,False,GhostBeast,101,Offensif,Gain faible,💰 Faible,66_Maraith
67,Rock Crusher Turtle,Digtoise,DrillGame,True,EPalTribeID::DrillGame,DrillGame,100,2980,hard skin,none,Skill power multiplier,1,1,1,2,2,"After launching, it will enter the Unique_DrillGame_ShellAttack state. It will follow the player as it spins, destroying ores efficiently.",1,hard skin,Offensif,DrillGame,DrillGame,close,5,🔵 Peu commun,land,,land,False,DrillGame,138,Offensif,Gain faible,💸 Moyen,67_Digtoise
68,cat bat monster,Tombat,CatBat,True,EPalTribeID::CatBat,CatBat,100,3810,none,none,distance,10000,11000,13000,16000,20000,"Once activated, it can detect the location of nearby pallu using ultrasonic waves.",10000,none,Autre,CatBat,CatBat,close,5,🔵 Peu commun,dark,,dark,False,CatBat,82,Détection,Gain exceptionnel,💸 Moyen,68_Tombat
69,fraternity lizard,Lovander,PinkLizard,True,EPalTribeID::PinkLizard,PinkLizard,100,2450,uncharacteristically,none,life drain %,2,3,4,5,6,"When fighting alongside it, it can give the player and PinkLizard a life-stealing effect. This effect can absorb part of the damage when it is applied, and restore COMMON_STATUS_HP.",4,uncharacteristically,Autre,PinkLizard,PinkLizard,close,5,🔵 Peu commun,generally,,generally,False,PinkLizard,181,Offensif,Gain faible,💸 Moyen,69_Lovander
70,Rong Yan Niang,Flambelle,LavaGirl,True,EPalTribeID::LavaGirl,LavaGirl,100,2500,none,none,Ranch skills,0,0,0,0,0,Assign it to Palu Ranch and it will have a chance to create FireOrgan.,0,none,Production,LavaGirl,LavaGirl,close,1,🟢 Commun,fire,,fire,False,LavaGirl,70,Ranch,Aucun gain,💸 Moyen,70_Flambelle
71,Fenggelong,Vanwyrm,BirdDragon,True,EPalTribeID::BirdDragon,BirdDragon,100,4360,none,none,Weakness bonus %,20,22,26,32,40,You can ride on its back and fly in the air. Attacking the enemy's weak points while riding can cause more damage.,20,none,Stratégique,BirdDragon,BirdDragon,close,4,🔵 Peu commun,fire,dark,fire_dark,True,BirdDragon,114,Offensif,Gain faible,💸 Moyen,71_Vanwyrm
71,Frost Song Dragon,Vanwyrm Cryst,BirdDragon_Ice,True,EPalTribeID::BirdDragon_Ice,BirdDragon_Ice,100,4610,none,none,Weakness bonus %,20,22,26,32,40,You can ride on its back and fly in the air. Attacking the enemy's weak points while riding can cause more damage.,20,none,Stratégique,BirdDragon_Ice,BirdDragon_Ice,close,5,🔵 Peu commun,ice,dark,ice_dark,True,BirdDragon,114,Offensif,Gain faible,💸 Moyen,71_Vanwyrm Cryst
72,Wave Blade Samurai,Bushi,Ronin,True,EPalTribeID::Ronin,Ronin,100,4520,none,none,Skill power multiplier,1,1,1,2,2,"After activation, it will attack the targeted enemy with extremely powerful Unique_Ronin_Iai.",1,none,Offensif,Ronin,Ronin,close,7,🟣 Rare,fire,,fire,False,Ronin,93,Offensif,Gain faible,💸 Moyen,72_Bushi
73,Thunderbird,Beakon,ThunderBird,True,EPalTribeID::ThunderBird,ThunderBird,100,7490,none,none,Attack power bonus%,50,55,65,80,100,You can ride on its back and fly in the air. While mounted it will grant elemental Electricity to the player's attacks.,50,none,Offensif,ThunderBird,ThunderBird,close,6,🟣 Rare,electricity,,electricity,False,ThunderBird,119,Offensif,Gain faible,💎 Élevé,73_Beakon
74,Flamingo,Ragnahawk,RedArmorBird,True,EPalTribeID::RedArmorBird,RedArmorBird,100,6720,none,none,Attack power bonus%,50,55,65,80,100,You can ride on its back and fly in the air. While mounted it will grant elemental Fire to the player's attacks.,50,none,Offensif,RedArmorBird,RedArmorBird,close,7,🟣 Rare,fire,,fire,False,RedArmorBird,112,Offensif,Gain faible,💎 Élevé,74_Ragnahawk
75,dark witch cat,Katress,CatMage,True,EPalTribeID::CatMage,CatMage,100,4120,none,none,Drop increase%_Normal,40,50,60,70,80,"When fighting side by side with it, if you knock down the elemental Normal's Palu, you can get more dropped items from that Pallu.",40,none,Autre,CatMage,CatMage,close,6,🟣 Rare,dark,,dark,False,CatMage,130,Autre,Gain faible,💸 Moyen,75_Katress
76,Flame Witch Fox,Wixen,FoxMage,True,EPalTribeID::FoxMage,FoxMage,100,1540,none,none,Attack power bonus%,5,6,7,8,10,"When fighting alongside it, it will grant elemental Fire to the player's attacks.",5,none,Offensif,FoxMage,FoxMage,close,6,🟣 Rare,fire,,fire,False,FoxMage,81,Offensif,Gain faible,💰 Faible,76_Wixen
77,spring rabbit,Verdash,GrassRabbitMan,True,EPalTribeID::GrassRabbitMan,GrassRabbitMan,100,2200,none,none,Moving speed%,20,22,26,32,40,"When fighting alongside it, the player's movement speed will be increased, and it will also grant elemental Leaf to the player's attacks.",20,none,Mobilité,GrassRabbitMan,GrassRabbitMan,close,8,🟠 Épique,Wood,,Wood,False,GrassRabbitMan,137,Offensif,Gain faible,💸 Moyen,77_Verdash
78,Verita,Vaelet,VioletFairy,True,EPalTribeID::VioletFairy,VioletFairy,100,1960,none,none,Drop increased by %_Earth,40,50,60,70,80,"When fighting alongside it, if you knock down the Pallu of Elemental Earth, you can get more dropped items from that Pallu.",40,none,Autre,VioletFairy,VioletFairy,close,8,🟠 Épique,Wood,,Wood,False,VioletFairy,123,Autre,Gain faible,💰 Faible,78_Vaelet
79,silk moth,Sibelyx,WhiteMoth,True,EPalTribeID::WhiteMoth,WhiteMoth,100,5900,none,none,Skill power multiplier,1,1,1,2,2,"After being activated, it will attack the targeted enemy with extremely powerful IcicleThrow. Assign it to Palu Ranch and it will have a chance to create Cloth2.",1,none,Offensif,WhiteMoth,WhiteMoth,close,7,🟣 Rare,ice,,ice,False,WhiteMoth,161,Offensif,Gain faible,💎 Élevé,79_Sibelyx
80,Faerie Dragon,Elphidran,FairyDragon,True,EPalTribeID::FairyDragon,FairyDragon,100,5230,none,none,Drop increased by %_Dark,40,50,60,70,80,"You can ride on its back and fly in the air. When fighting alongside it, if you knock down the elemental Dark's pallu, you can get more dropped items from that pallu.",40,none,Autre,FairyDragon,FairyDragon,close,7,🟣 Rare,dragon,,dragon,False,FairyDragon,166,Monture,Gain faible,💎 Élevé,80_Elphidran
80,Water Spirit Dragon,Elphidran Aqua,FairyDragon_Water,True,EPalTribeID::FairyDragon_Water,FairyDragon_Water,100,5320,none,none,Drop increased by %_Fire,40,50,60,70,80,"You can ride on its back and fly in the air. When fighting alongside it, if you knock down the elemental Fire's pallu, you can get more dropped items from that pallu.",40,none,Autre,FairyDragon_Water,FairyDragon_Water,close,8,🟠 Épique,dragon,water,dragon_water,True,FairyDragon,166,Monture,Gain faible,💎 Élevé,80_Elphidran Aqua
81,Shui Linger,Kelpsea,Kelpie,True,EPalTribeID::Kelpie,Kelpie,100,1260,none,none,Attack power bonus%,10,11,13,16,20,"If it is in the team, the elemental Water Palu's attack power will be increased.",10,none,Offensif,Kelpie,Kelpie,close,1,🟢 Commun,water,,water,False,Kelpie,80,Offensif,Gain faible,💰 Faible,81_Kelpsea
81,Huo Linger,Kelpsea Ignis,Kelpie_Fire,True,EPalTribeID::Kelpie_Fire,Kelpie_Fire,100,1240,none,none,Attack power bonus%,10,11,13,16,20,"If it is in the team, the elemental Fire Palu's attack power will be increased.",10,none,Offensif,Kelpie_Fire,Kelpie_Fire,close,2,🟢 Commun,fire,,fire,False,Kelpie,79,Offensif,Gain faible,💰 Faible,81_Kelpsea Ignis
82,Bihailong,Azurobe,BlueDragon,True,EPalTribeID::BlueDragon,BlueDragon,100,5600,none,none,Attack power bonus%,50,55,65,80,100,"Can ride on its back and move around on water. While mounted, it will grant elemental Water to the player's attacks.",50,none,Offensif,BlueDragon,BlueDragon,close,7,🟣 Rare,water,dragon,water_dragon,True,BlueDragon,116,Offensif,Gain faible,💎 Élevé,82_Azurobe
83,Ice Thorn Beast,Cryolinx,WhiteTiger,True,EPalTribeID::WhiteTiger,WhiteTiger,100,8440,none,none,Drop increased by %_Dragon,40,50,60,70,80,"When fighting alongside it, if you knock down the elemental Dragon's pallu, you can get more dropped items from that pallu.",40,none,Autre,WhiteTiger,WhiteTiger,close,7,🟣 Rare,ice,,ice,False,WhiteTiger,123,Autre,Gain faible,👑 Très élevé,83_Cryolinx
84,Hellfire King,Blazehowl,Manticore,True,EPalTribeID::Manticore,Manticore,100,4040,none,none,Drop increased by %_Leaf,40,50,60,70,80,"Can be moved around on its back. When fighting side by side with it, if you knock down the elemental Leaf's pallu, you can get more dropped items from that pallu.",40,none,Autre,Manticore,Manticore,close,7,🟣 Rare,fire,,fire,False,Manticore,162,Monture,Gain faible,💸 Moyen,84_Blazehowl
84,Hell King,Blazehowl Noct,Manticore_Dark,True,EPalTribeID::Manticore_Dark,Manticore_Dark,100,4360,none,none,Drop increase%_Normal,40,50,60,70,80,"Can be moved around on its back. When fighting side by side with it, if you knock down the elemental Normal's Palu, you can get more dropped items from that Pallu.",40,none,Autre,Manticore_Dark,Manticore_Dark,close,8,🟠 Épique,fire,dark,fire_dark,True,Manticore,163,Monture,Gain faible,💸 Moyen,84_Blazehowl Noct
85,Pecorone,Relaxaurus,LazyDragon,True,EPalTribeID::LazyDragon,LazyDragon,100,10240,greedy,none,Skill power,10,11,13,16,20,Can be moved around on its back. It can also continuously attack with its missile launcher while riding.,10,greedy,Offensif,LazyDragon,LazyDragon,close,8,🟠 Épique,dragon,water,dragon_water,True,LazyDragon,104,Offensif,Gain faible,👑 Très élevé,85_Relaxaurus
85,Parker,Relaxaurus Lux,LazyDragon_Electric,True,EPalTribeID::LazyDragon_Electric,LazyDragon_Electric,100,10380,none,none,Skill power,10,11,13,16,20,Can be moved around on its back. It can also continuously attack with its missile launcher while riding.,10,none,Offensif,LazyDragon_Electric,LazyDragon_Electric,close,9,🟠 Épique,dragon,electricity,dragon_electricity,True,LazyDragon,104,Offensif,Gain faible,👑 Très élevé,85_Relaxaurus Lux
86,Lian Lilong,Broncherry,SakuraSaurus,True,EPalTribeID::SakuraSaurus,SakuraSaurus,100,2920,none,none,Increased weight bearing,100,110,120,130,140,"Can be moved around on its back. If SakuraSaurus is in the team, it will help carry luggage and increase the player's maximum weight limit.",40,none,Support logistique,SakuraSaurus,SakuraSaurus,close,7,🟣 Rare,Wood,,Wood,False,SakuraSaurus,139,Monture,Gain faible,💸 Moyen,86_Broncherry
86,Allother,Broncherry Aqua,SakuraSaurus_Water,True,EPalTribeID::SakuraSaurus_Water,SakuraSaurus_Water,100,3110,none,none,Increased weight bearing,100,110,120,130,140,"Can be moved around on its back. If SakuraSaurus_Water is in the team, it will help carry luggage and increase the player's upper limit of weight.",40,none,Support logistique,SakuraSaurus_Water,SakuraSaurus_Water,close,8,🟠 Épique,Wood,water,Wood_water,True,SakuraSaurus,146,Monture,Gain faible,💸 Moyen,86_Broncherry Aqua
87,Hualina,Petallia,FlowerDoll,True,EPalTribeID::FlowerDoll,FlowerDoll,100,3590,none,none,treatment value,400,440,520,640,800,"When activated, the player's health can be restored through the healing power of the flowers.",400,none,Soutien,FlowerDoll,FlowerDoll,close,8,🟠 Épique,Wood,,Wood,False,FlowerDoll,93,Soutien,Gain moyen,💸 Moyen,87_Petallia
88,Lava Beast,Reptyro,VolcanicMonster,True,EPalTribeID::VolcanicMonster,VolcanicMonster,100,6940,none,none,Mining bonus+,500,750,1100,1500,2000,Can be moved around on its back. Destroying ore will be more efficient while riding.,1500,none,Ressources,VolcanicMonster,VolcanicMonster,close,6,🟣 Rare,fire,land,fire_land,True,VolcanicMonster,84,Monture,Gain élevé,💎 Élevé,88_Reptyro
88,Frost Beast,Ice Reptyro,VolcanicMonster_Ice,True,EPalTribeID::VolcanicMonster_Ice,VolcanicMonster_Ice,100,7380,none,none,Mining bonus+,500,750,1100,1500,2000,Can be moved around on its back. Destroying ore will be more efficient while riding.,1500,none,Ressources,VolcanicMonster_Ice,VolcanicMonster_Ice,close,7,🟣 Rare,ice,land,ice_land,True,VolcanicMonster,84,Monture,Gain élevé,💎 Élevé,88_Ice Reptyro
89,King Melupa,Kingpaca,KingAlpaca,True,EPalTribeID::KingAlpaca,KingAlpaca,100,5800,none,none,Increased weight bearing,100,110,120,130,140,"Can be moved around on its back. If KingAlpaca is in the team, it will help carry luggage and increase the player's maximum weight limit.",40,none,Support logistique,KingAlpaca,KingAlpaca,close,8,🟠 Épique,generally,,generally,False,KingAlpaca,137,Monture,Gain faible,💎 Élevé,89_Kingpaca
89,Ice Emperor Melpa,Ice Kingpaca,KingAlpaca_Ice,True,EPalTribeID::KingAlpaca_Ice,KingAlpaca_Ice,100,6100,none,none,Increased weight bearing,100,110,120,130,140,"Can be moved around on its back. If KingAlpaca_Ice is in the team, it will help carry luggage and increase the player's maximum weight limit.",40,none,Support logistique,KingAlpaca_Ice,KingAlpaca_Ice,close,9,🟠 Épique,ice,,ice,False,KingAlpaca,141,Monture,Gain faible,💎 Élevé,89_Ice Kingpaca
90,Mammoth,Mammorest,GrassMammoth,True,EPalTribeID::GrassMammoth,GrassMammoth,100,9450,none,none,Mining bonus+,500,750,1100,1500,2000,Can be moved around on its back. Destroying trees and ores while riding will be more efficient.,1500,none,Ressources,GrassMammoth,GrassMammoth,close,8,🟠 Épique,Wood,,Wood,False,GrassMammoth,95,Monture,Gain élevé,👑 Très élevé,90_Mammorest
90,snow mammoth,Mammorest Cryst,GrassMammoth_Ice,True,EPalTribeID::GrassMammoth_Ice,GrassMammoth_Ice,100,9580,none,none,Mining bonus+,500,750,1100,1500,2000,Can be moved around on its back. Destroying trees and ores while riding will be more efficient.,1500,none,Ressources,GrassMammoth_Ice,GrassMammoth_Ice,close,9,🟠 Épique,ice,,ice,False,GrassMammoth,95,Monture,Gain élevé,👑 Très élevé,90_Mammorest Cryst
91,White Velvet Snow Monster,Wumpo,Yeti,True,EPalTribeID::Yeti,Yeti,100,5900,none,none,Increased weight bearing,120,130,140,150,160,"Can be moved around on its back. If Yeti is in the team, it will help carry luggage and increase the player's maximum weight limit.",40,none,Support logistique,Yeti,Yeti,close,7,🟣 Rare,ice,,ice,False,Yeti,131,Monture,Gain faible,💎 Élevé,91_Wumpo
91,Green Moss Velvet,Wumpo Botan,Yeti_Grass,True,EPalTribeID::Yeti_Grass,Yeti_Grass,100,5700,none,none,Increased weight bearing,120,130,140,150,160,"Can be moved around on its back. If Yeti_Grass is in the team, it will help carry luggage and increase the player's maximum weight limit.",40,none,Support logistique,Yeti_Grass,Yeti_Grass,close,8,🟠 Épique,Wood,,Wood,False,Yeti_Grass,137,Monture,Gain faible,💎 Élevé,91_Wumpo Botan
92,Kaigres,Warsect,HerculesBeetle,True,EPalTribeID::HerculesBeetle,HerculesBeetle,100,6830,hard skin,none,Defense bonus %,5,6,7,8,10,"When fighting alongside it, the player's defense will be increased and the damage of elemental fire can be mitigated.",5,hard skin,Bonus,HerculesBeetle,HerculesBeetle,close,8,🟠 Épique,land,Wood,land_Wood,True,HerculesBeetle,117,Offensif,Gain faible,💎 Élevé,92_Warsect
93,Cloud sea deer,Fenglope,FengyunDeeper,True,EPalTribeID::FengyunDeeper,FengyunDeeper,100,2250,none,none,Moving speed%,0,10,12,15,20,Can be moved around on its back. Two jumps are possible during the ride.,20,none,Mobilité,FengyunDeeper,FengyunDeeper,close,3,🔵 Peu commun,generally,,generally,False,FengyunDeeper,72,Monture,Gain faible,💸 Moyen,93_Fenglope
94,Night Mephit,Felbat,CatVampire,True,EPalTribeID::CatVampire,CatVampire,100,2100,none,none,life drain %,2,3,4,5,6,"When fighting alongside it, it can give the player and CatVampire a life-stealing effect. This effect can absorb part of the damage when it is applied, and restore COMMON_STATUS_HP.",4,none,Autre,CatVampire,CatVampire,close,6,🟣 Rare,dark,,dark,False,CatVampire,181,Offensif,Gain faible,💸 Moyen,94_Felbat
95,Tianyulong,Quivern,SkyDragon,True,EPalTribeID::SkyDragon,SkyDragon,100,6830,none,none,Elemental power bonus%_Dragon,50,55,65,80,100,"You can ride on its back to fly in the air, and your elemental Dragon attacks will be strengthened while riding.",50,none,Bonus,SkyDragon,SkyDragon,close,7,🟣 Rare,dragon,,dragon,False,SkyDragon,112,Offensif,Gain faible,💎 Élevé,95_Quivern
96,Flame Glory,Blazamut,KingBahamut,True,EPalTribeID::KingBahamut,KingBahamut,100,10520,emperor yan,none,Elemental power bonus%_Fire,50,55,65,80,100,Can be moved around on its back. Elemental Fire attacks during riding will be strengthened.,50,emperor yan,Bonus,KingBahamut,KingBahamut,close,9,🟠 Épique,fire,,fire,False,KingBahamut,91,Offensif,Gain faible,👑 Très élevé,96_Blazamut
97,Thunderbird,Helzephyr,HadesBird,True,EPalTribeID::HadesBird,HadesBird,100,7840,none,none,Attack power bonus%,50,55,65,80,100,"You can ride on its back and fly in the air. While mounted, it will grant elemental Dark to the player's attacks.",50,none,Offensif,HadesBird,HadesBird,close,7,🟣 Rare,dark,,dark,False,HadesBird,113,Offensif,Gain faible,💎 Élevé,97_Helzephyr
98,Demon Dragon,Astegon,BlackMetalDragon,True,EPalTribeID::BlackMetalDragon,BlackMetalDragon,100,8200,hard skin,none,Mining bonus+,1100,1500,2000,2600,3300,You can ride on its back and fly in the air. Can cause greater damage to ores while riding.,2200,hard skin,Ressources,BlackMetalDragon,BlackMetalDragon,close,9,🟠 Épique,dragon,dark,dragon_dark,True,BlackMetalDragon,91,Offensif,Gain exceptionnel,👑 Très élevé,98_Astegon
99,Dark Armored Scorpion,Menasting,DarkScorpion,True,EPalTribeID::DarkScorpion,DarkScorpion,100,7050,none,none,Drops increased by %_Electricity,40,50,60,70,80,"When fighting side by side with it, the player's defense will be improved. If you knock down the elemental Electricity's Palu, you can get more dropped items from the Pallu.",40,none,Autre,DarkScorpion,DarkScorpion,close,9,🟠 Épique,dark,land,dark_land,True,DarkScorpion,173,Autre,Gain faible,💎 Élevé,99_Menasting
100,Anubis,Anubis,Anubis,True,EPalTribeID::Anubis,Anubis,100,4960,yandi,none,Attack power bonus%,5,6,7,8,10,"When fighting alongside it, it will grant the player's attacks elemental Earth. During combat, he will occasionally move at high speed to avoid attacks.",5,yandi,Offensif,Anubis,Anubis,close,10,🟠 Épique,land,,land,False,Anubis,152,Offensif,Gain faible,💸 Moyen,100_Anubis
101,Sea-covering dragon,Jormuntide,Umihebi,True,EPalTribeID::Umihebi,Umihebi,100,9320,neptune,none,Moving speed%,0,10,12,15,20,Can ride on its back and move through the water. Moving on water while riding does not consume stamina.,20,neptune,Mobilité,Umihebi,Umihebi,close,8,🟠 Épique,dragon,water,dragon_water,True,Umihebi,103,Monture,Gain faible,👑 Très élevé,101_Jormuntide
101,Teng Yanlong,Jormuntide Ignis,Umihebi_Fire,True,EPalTribeID::Umihebi_Fire,Umihebi_Fire,100,9500,none,none,Elemental power bonus%_Fire,50,55,65,80,100,Can be moved around on its back. Elemental Fire attacks during riding will be strengthened.,50,none,Bonus,Umihebi_Fire,Umihebi_Fire,close,9,🟠 Épique,dragon,fire,dragon_fire,True,Umihebi,91,Offensif,Gain faible,👑 Très élevé,101_Jormuntide Ignis
102,Suzaku,Suzaku,Suzaku,True,EPalTribeID::Suzaku,Suzaku,100,9840,none,none,Elemental power bonus%_Fire,50,55,65,80,100,"You can ride on its back to fly in the air, and your elemental Fire attacks will be strengthened while riding.",50,none,Bonus,Suzaku,Suzaku,close,8,🟠 Épique,fire,,fire,False,Suzaku,110,Offensif,Gain faible,👑 Très élevé,102_Suzaku
102,Qingque,Suzaku Aqua,Suzaku_Water,True,EPalTribeID::Suzaku_Water,Suzaku_Water,100,10110,none,none,Elemental power bonus%_Water,50,55,65,80,100,"You can ride on its back to fly in the air, and your elemental Water attack will be strengthened while riding.",50,none,Bonus,Suzaku_Water,Suzaku_Water,close,9,🟠 Épique,water,,water,False,Suzaku,110,Offensif,Gain faible,👑 Très élevé,102_Suzaku Aqua
103,Lightning Bear,Grizzbolt,ElecPanda,True,EPalTribeID::ElecPanda,ElecPanda,100,7720,none,none,Skill power,6,6,7,9,12,"Can be moved around on its back. While mounted, it can also continuously attack with its machine gun.",6,none,Offensif,ElecPanda,ElecPanda,close,8,🟠 Épique,electricity,,electricity,False,ElecPanda,101,Offensif,Gain faible,💎 Élevé,103_Grizzbolt
104,lily queen,Lyleen,LilyQueen,True,EPalTribeID::LilyQueen,LilyQueen,100,7160,elf king,none,treatment value,1000,1100,1300,1600,2000,"Once activated, the Queen's healing ability can be used to restore a large amount of health to the player.",1000,elf king,Soutien,LilyQueen,LilyQueen,close,9,🟠 Épique,Wood,,Wood,False,LilyQueen,106,Soutien,Gain élevé,💎 Élevé,104_Lyleen
104,black moon queen,Lyleen Noct,LilyQueen_Dark,True,EPalTribeID::LilyQueen_Dark,LilyQueen_Dark,100,7610,none,none,treatment value,1000,1100,1300,1600,2000,"Once activated, the Queen's healing ability can be used to restore a large amount of health to the player.",1000,none,Soutien,LilyQueen_Dark,LilyQueen_Dark,close,10,🟠 Épique,dark,,dark,False,LilyQueen,106,Soutien,Gain élevé,💎 Élevé,104_Lyleen Noct
105,Horus,Faleris,Horus,True,EPalTribeID::Horus,Horus,100,6720,none,none,Drop increased by %_Ice,40,50,60,70,80,"You can ride on its back and fly in the air. When fighting alongside it, if you knock down the elemental Ice's pallu, you can get more dropped items from that pallu.",40,none,Autre,Horus,Horus,close,9,🟠 Épique,fire,,fire,False,Horus,165,Monture,Gain faible,💎 Élevé,105_Faleris
106,Pollux,Orserk,ThunderDragonMan,True,EPalTribeID::ThunderDragonMan,ThunderDragonMan,100,8320,thunder emperor,none,Drop increased by %_Water,40,50,60,70,80,"When fighting alongside it, if you knock down the elemental Water's pallu, you can get more dropped items from that pallu.",40,thunder emperor,Autre,ThunderDragonMan,ThunderDragonMan,close,9,🟠 Épique,dragon,electricity,dragon_electricity,True,ThunderDragonMan,122,Autre,Gain faible,👑 Très élevé,106_Orserk
107,Heterogeneous Griffin,Shadowbeak,BlackGriffon,True,EPalTribeID::BlackGriffon,BlackGriffon,100,9060,none,none,Elemental power bonus%_Dark,50,55,65,80,100,You can ride on its back and fly in the air. Elemental Dark attacks during riding will be strengthened.,50,none,Bonus,BlackGriffon,BlackGriffon,close,10,🟠 Épique,dark,,dark,False,BlackGriffon,103,Offensif,Gain faible,👑 Très élevé,107_Shadowbeak
108,Knight of Light,Paladius,SaintCentaur,True,EPalTribeID::SaintCentaur,SaintCentaur,100,8810,legend,holy day,Moving speed%,0,10,12,15,20,Can be moved around on its back. Three jumps are possible during the ride.,20,"legend, holy day",Mobilité,SaintCentaur,SaintCentaur,close,20,🔴 Légendaire,generally,,generally,False,SaintCentaur,74,Monture,Gain faible,👑 Très élevé,108_Paladius
109,Chaos Knight,Necromus,BlackCentaur,True,EPalTribeID::BlackCentaur,BlackCentaur,100,8930,legend,hades,Moving speed%,0,10,12,15,20,Can be moved around on its back. Two jumps are possible during the ride.,20,"legend, hades",Mobilité,BlackCentaur,BlackCentaur,close,20,🔴 Légendaire,dark,,dark,False,BlackCentaur,72,Monture,Gain faible,👑 Très élevé,109_Necromus
110,Winter Caller,Frostallion,IceHorse,True,EPalTribeID::IceHorse,IceHorse,100,8440,legend,ice king,Elemental power bonus%_Ice,50,55,65,80,100,"You can ride on its back and fly in the air. During the ride, the player's attacks will be transformed into elemental ice, and the elemental ice's attacks will be strengthened.",50,"legend, ice king",Bonus,IceHorse,IceHorse,close,20,🔴 Légendaire,ice,,ice,False,IceHorse,176,Offensif,Gain faible,👑 Très élevé,110_Frostallion
110,Night Caller,Frostallion Noct,IceHorse_Dark,True,EPalTribeID::IceHorse_Dark,IceHorse_Dark,100,8560,legend,none,Elemental power bonus%_Dark,50,55,65,80,100,"You can ride on its back and fly in the air. During riding, the player's attacks will be transformed into elemental Dark, and the attacks of elemental Dark will be strengthened.",50,legend,Bonus,IceHorse_Dark,IceHorse_Dark,close,20,🔴 Légendaire,dark,,dark,False,IceHorse,177,Offensif,Gain faible,👑 Très élevé,110_Frostallion Noct
111,Vortex Dragon,Jetragon,JetDragon,True,EPalTribeID::JetDragon,JetDragon,100,8680,legend,shenlong,Skill power,13,14,16,20,26,You can ride on its back and fly in the air. It can also continuously attack with its missile launcher while riding.,13,"legend, shenlong",Offensif,JetDragon,JetDragon,close,20,🔴 Légendaire,dragon,,dragon,False,JetDragon,116,Offensif,Gain faible,👑 Très élevé,111_Jetragon
